,tweet
1098,pfe results plz
1099,pfe
1100,pfe
1101,pfe market bubble follow michael burry
1102,pfe possible earnings seems wishful thinking earning spike earning looks plumb billion doses accounts almost b revenue small thing company short duration
1103,pfe
1104,pfe someone explain possible call lost days stock goes
1105,pfe cyclical stocks rise cyclical stocks new growth stock
1106,pfe still sitting waiting itll probably gets lol
1107,pfe turd gets real freedom going close held many months suppressed months
1108,pfe acid test today close stay next week well lets hope usual rug pull friday
1109,pfe someone awoken sleeping beast
1110,pfe finally running due technicals lagging long uptrend passed ema ema ema crosses ema boom breakout get dont assume price high regret later month two good long term outlook next months
1111,ocgn sbbp strongbridge biopharma catalyst looming fda approval time httpsseekingalphacomnewsstrongbridgegainsondetailedphaseresultsforrecorlevincushingssyndrome solid bio share going climb exponentially news know gain fda approval dd techs data super srtong seriously sound opportunity buy current dipped price point get folks mark words happening soon huge climb coming lgp united kingdom azn pfe mrna
1112,pfe yes keep moving baby
1113,pfe run
1114,pfe holddddd
1115,pfe breaking bebeeeeee
1116,pfe soon
1117,pfe well strike calls hit today im gonna take margin call roll dice worth selling wish luck
1118,wmt aapl xpev pfe
1119,pfe st pfizer shot todayso farso good
1120,pfe would like see employees co get vaccinated vaccine mandatory co policy including executives
1121,pfe reminder new investors pfe dont get hopes
1122,mrna well least dropping like rock considering friday bntx nvax pfe
1123,pfe part
1124,pfe break wall good shorties needs go somewhere else
1125,pfe got alert guess time short
1126,pfe break dirty slut
1127,pfe need volume
1128,pfe mms playing games slowing buying shares price dropping much also exploding need break fly
1129,pfe one best buy right
1130,pfe eck jan contracts still today
1131,pfe biontechs marburg facility gets ema approval boosting covid vaccine production capacity billion doses year published march et
1132,editors choice big year gains smallcap investors itching cash hedgopia iwm qqq also pfe httpsbitlypbbal
1133,sweepcast observed pfe unusual options activity alerted call expiring worth k see profile link amp learn unusual options activity
1134,pfe breaks free heading quickly
1135,pfe admit watching paint dry interesting watching daily ppa jeez loiuse
1136,hgen probably last time youll see cheapies pfizer others running studies plans test analyze efficacy booster shots covid pfe mrna nvax others race pretty much make vaccines covid variants im hopeful successful slow system provide mass vaccination add hesitation get vaccinated among many therapeutics lenz others game changer c lenz described variant independent httpsirhumanigencomresourcesfactsheetsdefaultaspx
1137,pfe keep goin buddy
1138,large print pfe size price time amount
1139,pfe crooks decayed calls last week loading pump pos moon get enough calls fk men
1140,pfe showing strong bullish pattern great buy signal
1141,pfe production ramped vaccine stored normal temperature c billion doses ordered need deliver confirm annual shot needed golden
1142,pfe fake ticker swear wall st using money booze strippers
1143,govx update today days jason mccarthy maxim group quotthanks taking questions think question directed mark newman mentioned someone mentioned part interaction nih regulators general understand need another variation covid vaccine talk little bit mva vlps get cells b cells antibodies need cells really mrna vaccines immunology circles nobody really believes get anything antibodies get nothing days seems like regulators aware theyre public elaborate little bit quot httpsselectionnewyorkblogspotcomgovxgeovaxcovidvaccineprogramishtml selected tickers vxrt htbx imv nvax pfe
1144,pfe going slowlyl surely
1145,pfe big shit two weeks
1146,pfe im upgrading pfizer stock price target gt september
1147,pfe alpmy receives positive chmp opinion xtandi enzalutamide patients metastatic hormonesensitive prostate cancer httpswwwbriefingcomindepthanalysiscontentarticlearticleidinpfe
1148,pfe biontech provides update vaccine production stats marburg manufacturing site says european medicines agency approved manufacturing site
1149,pfe never
1150,bntx ive always maintained pfe diverting vaccine profits production cost simply cannot really c vaccine makes losing billions especially vector vaccines expensive produce im wondering bntx handle profit guidance come earnings dont report something similar would spell big trouble bourla lot harder impossible bntx divert mountain cash like thoughts
1151,pfe market blows gold storage approval blowing one crazy edt mt newswires astellas pharma inc said friday european medicines agency ema adopted positive opinion recommending additional indication oral oncedaily therapy xtandi enzalutamide treatment metastatic hormonesensitive prostate cancer
1152,pfe huge news didnt spike flipping fridays lol edt mt newswires astellas pharma inc said friday european medicines agency ema adopted positive opinion recommending additional indication oral oncedaily therapy xtandi enzalutamide treatment metastatic hormonesensitive prostate cancer
1153,azn pfe mrna jnj great news finally eu stopped blaming oxford astrazeneca everything approved new plants one astra one pfizer one moderna shouldve done alongpositive action httpswwwemaeuropaeuennewsincreasevaccinemanufacturingcapacitysupplycovidvaccinesastrazenecabiontechpfizermoderna
1154,fstx pfe time move target
1155,pfe run fat horun
1156,pfe
1157,opk sports leagues schools whenever ready reopen using testing kits pfe gnmk
1158,bntx pfe httpswwwchartmillcomnewsbntxglobenewsemaapprovesnewstorageoptionforpfizerbiontechvaccineeasingdistributionandstorageofdosesacrosseuropeanunion great news right time millions vials transferred soon clinics outpatient facilities inside eu worldwide nvax mrna ino
1159,pfe damn went first thing never happens
1160,bntx pfe marburg facility cleared httpsfinanceyahoocomnewseuclearsvaccinesiteshtml
1161,pfe going long grinding day game changer earnings approaching stock deeply miss priced
1162,opk strong balance sheet anything else bonus dont listen bears suits hodl pfe gnmk
1163,pfe honestly imo breaks today closes great news storage today pfizer best vaccine date makes better
1164,pfe actual game changer quotpfizer biontech gets ema approval new covid vaccine storage rules
1165,pfe going dollar today game changer
1166,pfe new article ema approves new storage option pfizerbiontech covid vaccine httpswwwstckpronewspfe
1167,pfe big trade shares
1168,large print pfe size price time amount
1169,pfe bntx ema approves new storage option pfizerbiontech covid vaccine httpsnewsfilterioaacbffefcddcfb
1170,labu regn pfe yet meet ceo integrity money integrity near impossible together possess
1171,pfe study evaluate safety immunogenicity nimenrix healthy infants given months age nct httpsnewsfilterioaaffacbefabcb
1172,pfe ema approves new storage option pfizerbiontech vaccine easing distribution storage doses across european union httpswwwotcdynamicscompfeemaapprovesnewstorageoptionforpfizerbiontechvaccineeasingdistributionandstorageofdosesacrosseuropeanunion
1173,pfe delayed issued press release march ema approves new storage option pfizerbiontech vaccine easing distr httpssflashalertmepxkcdq
1174,nvax pfe azn jnj could take ocgn
1175,ocgn year later taking nvax pfe azn jnj
1176,pfe buy new article bioreference laboratories expands covid school testing program stckpronewsopk
1177,pfe although charts screaming valued dont think gets er
1178,pfe spy jnj bad hedge funds amp pfizer amp ftc screw long term bag holders today like havent already done enough damage im thinking
1179,atnf future treatments q going great see around pfe
1180,pfe astellas pfizers xtandi gets ema positive opinion additional indication httpsnewsfilterioabaeebadbdefed
1181,azn jnj mrna pfe bntx rutgers would
1182,pfe delayed issued press release march astellas receives positive chmp opinion xtandi enzalutamide pa httpssflashalertmequtugo
1183,labu regn pfe smug hole scott gottlieb cnbc hes instant stomach pump sits pfizers board reaping huge dividends postulating virus knowledge could pompous little twerp history biotech classic nerd know gawd hope people see thru dick nice day
1184,wework back spac mrna pfe azn nvax goog httpsnewsfilterioacbfeae
1185,pfe astellas receives positive chmp opinion xtandi enzalutamide patients metastatic hormonesens httpswwwchartmillcomstockquotepfenewsutmsourcestocktwitsamputmmediumpressreleaseamputmcontentpfeamputmcampaignsocialtracking
1186,pfe astellas receives positive chmp opinion xtandi patients metastatic hormonesensitive prostate cancer httpsnewsfilterioaefeeaadae
1187,pfe astellas receives positive chmp opinion xtandi enzalutamide patients metastatic hormonesensitive prostate cancer httpsquantisnowcominsightss majorpharmaceuticals healthcare
1188,pfe astellas receives positive chmp opinion xtandi enzalutamide patients metastatic hormonesensitive prostate cancer httpswwwstocktitannetnewspfeastellasreceivespositivechmpopinionforxtandienzalutamideforfvuyygghtml cancer
1189,aspira extends gains analysts weigh flexion benefit pfizers failure osteoarthritis drug analyst action awh flxn pfe lly dva httpsnewsfilterioaefcecbefaba
1190,pfizers pt cut svb leerink llc market perform rating httpswwwmarketbeatcomr pfe
1191,pfe ltltpos
1192,pfe
1193,pfe trending drug eli lilly rejected fda
1194,pfe trending price action
1195,pfe svb leerink maintains market perform pt httpsstockhootcomextsymbolaspxfromanalystratingtweetampsymbolpfeamptampsocialstocktwits
1196,pfe svb leerink reiterated coverage pfizer new price target httpsquantisnowcominsightss majorpharmaceuticals healthcare
1197,pfe got covid stocks buy hold long term httpdlvritrwpyw
1198,peek markets us stock futures gain ahead economic reports amt pfe lly tsla prgs httpsnewsfilterioaaeadcceafaf
1199,ampe bounce hard pfe news im gonna fucking laugh meant people betting shitty pain meds make oak worse vs product actually relieves symptoms btw think someone posted something safety profile go read ape zero toxicity known dose toxicity made human serum albumin
1200,lackwood mrinvestorpro cfrx additional data came jci regarding study results narrowing focus towards specfic group criteria already shown significant improvement standard antibiotics mrsa getting approval even unique group huge potential one big players like pfe take advantage gobbling small fry biotechs roger significant history working mergers board another company another merger gonna happen staffing designed mega bio sector designed produce drug sell big pharmaceutical firm repeat rinse repeat look history look bring individuals experience mergers late game httpstwittercomcontrafectcorpstatuss
1201,pfe todays day
1202,mrna cant wait see dumbass libs sheep go thru rude awakening thats bound come guess thats happens trust big pharma blindly experimental gene therapy technology pfe
1203,stocks watch march prgs pfe lly codx gan httpsnewsfilterioacaaeeebcbfbdbd
1204,pfe recent reporting quarter institutions made changes position httpsinsideranalysiscomsearchwhalesphptickertablepfe
1205,forward pe valuation pfe described reasonable httpswwwchartmillcomstockanalyzerstockpfeviewfundamentalanalysisampkeyfadbfcaaaamputmsourcestocktwitsamputmmediumfaamputmcontentpfeamputmcampaignsocialtracking
1206,aveo stock x growth potential based conservative analyst price targets httpswwwtiprankscomstocksaveoforecast pfe mrna eyes nasdaq looks like aveo undergoing reversal great upside
1207,sweepcast observed pfe unusual options activity alerted call expiring worth k see profile link amp learn stocks stockmarket options daytrading
1208,pfe short float
1209,bntx pfe mrna cvac quota single immunization boosted neutralizing titers variants sarscov foldquot including b south africa related variant amazing potential mrna technology httpssciencesciencemagorgcontentearlyscienceabgfull
1210,pfe dtcc ruling yesterday regarding stocks shorted however still looking simple summary httpswwwfashionkcomblogsamctothemoonapesstrongertogetherdtccrulingsecdtccrulingamcgmeamcgmeshortsqueezedarkpoolsotcputcallsusa
1211,pfe llyon mar fda panel voted recommending approval tanezumab
1212,pfe got nd pfizer vaccine arm sore
1213,pfe approximately usd go short side pct short bears httpswwwalgowinscomwdtcolumnfilterpfe
1214,pfe lly hint buy ampe osteoarthritis drug soon approved
1215,lly pfe watch guys saw heredont wanna see like stress fda rejection stock shot goes next day
1216,mrinvestorpro agree see pfe completing deal year provided k shares executives get fat options contracts low something points closer may assume shares cfrx im waiting big news
1217,pfe lly pfizer eli lillys osteoarthritis drug rejected fda panel risky httpsnewsfilterioadebfbbecdcfafad
1218,pfizer eli lillys osteoarthritis drug rejected fda panel risky benzinga lly pfe
1219,fold steal current valuation pipeline vertex pharmaceuticals vrtx nvs pfe jnj read httpstheflycomnphpid
1220,ibioinvesttoretire possible remember rd phase asset major unmet market pfizer wants cfrx bad governments barda award million contrafects recent cash raise data pfizer knows knows average person brainer buy fast eliminate multiple offerbid type situation road signs point pfizer buying cfrx since billion dollar pipeline market cap low cash high could monster bid pfe iv trying trying help people get pfizer buys u tell broker u want cash walk away convert hassle folks dont understand big cfrx big opportunity
1221,ogen news today biotech company oragenics preclinical development covid vaccine say would easier administer longerlasting ocgn mrna pfe nvax
1222,ocgn httpstheprintinhealthbharatbiotechscovaxinproductioncouldgouptimeswithhelpfromkarnatakagujaratlabs step aside pfe mrna azn
1223,pfe showed strong bullish pattern today
1224,pfe key news alert pfizer begins testing covid vaccine children article first published thu mar pm utc news items published topic
1225,ogen like line media reporter ogen quotis developing covid vaccine go mouth arm nosequot lol pfe mrna ocgn azn httpswwwabcactionnewscomnewsregionhillsboroughtampabasedbiotechcompanyisworkingoncovidvaccinenasalspray
1226,key milestone pfizer begins testing covid vaccine children pfe bntx mrna jnj httpsnewsfilterioaedbaed
1227,pfe new article key milestone pfizer begins testing covid vaccine children httpswwwstckpronewspfe
1228,mrna tnxp potential target competitor coming months science news hype pfe azn vaccine candidate tnx protected upper lower airways challenge sarscov suggesting ability block forward transmission tnx based proprietary vaccine platform designed stimulate long term cell immunity massive pipeline stage clinical trials underway httpssouthernresearchorgnewssouthernresearchandtonixpharmaceuticalsreportspositivecovidvaccineefficacyresults
1229,pfe bmy tak rotation healthcare incoming
1230,bntx pfe azn nvax mrna oopps seems novavax supply problems serum institute india falls short mio doses delivered covax end april plus couple doses awaited uk az supplies covax also rescheduled march april httpswwwwhointnewsitemcovaxupdatesparticipantsondeliverydelaysforvaccinesfromseruminstituteofindiasiiandastrazeneca
1231,pfe took month fall next week month since hit bottom expect next target months
1232,pfe best one cant wait mine saturday
1233,pfe httpswwwstatnewscompfizerandbiontechtobegintestingcovidvaccineinchildren
1234,pfe uniqure biopharma bv vs pfizer aia trial termination httpsnewsfilterioaffbbbdeaaccd
1235,ocgn pfe mrna httpsinvestorplacecomnvaxstockalertthebigvaccinenewsthathasnovavaxplummeting cant deliver watch herd nvax jump board soon
1236,pfe httpswwwgooglecomampswwwfoolcomampinvestingpfizertodevelopmrnavaccineswithoutbiontech
1237,pfe got pfizer shot bought pfizer stock smart med stock much one vaccine doctor takes deep dive httpswwwyoutubecomwatchvjuxvmzmxb
1238,pfe big trades today shares average
1239,statement acquisition beneficial ownership individuals httpwwwconferencecalltranscriptsorgsummaryid pfe
1240,tracker vaccines made mrna pfe jampj effective mutant strains seeing nd wave people think protected bp wants mutant strains growing expotentially
1241,cfrx part pfizer pfe bought spy
1242,cfrx new folks folks may otherwise persuaded shorts uneducated investors sell valuable shares cheap contrafect real deal guys usually institutions buy companies u see global behemoth like pfe pfizer buy massive part spy
1243,pfe delayed filed form sc ga march httpssflashalertmensa
1244,pfe form sc ga statement acquisition beneficial ownership individuals filed sec httpsnewsfilterioafebbbaebbeeb
1245,nok lost pfe loosing nok loaded shares dollor calls
1246,pfe covid coverup ideopathic democrats pedophiles
1247,pfe good rr vs lod looking breakout holindg
1248,pfe
1249,pfe addng wouldnt money
1250,pfe bullflag daily
1251,pfe
1252,bought verizon vz pfizer pfe cocacola ko today good buys frothy market
1253,daily news digest pfizer pfe httpswsfriendcomdailynewspfe
1254,chinas cansino says european vaccine order talks underway jnj bntx sva pfe httpsnewsfilterioafbacabedbbdddba
1255,spce ibio pfe received first pfizer shot vaccinator told would stop watching fox newsmax weeks second shot
1256,nvax going simply late party summer us reach herd immunity since everyone would gotten vaccines pfe mrna jnj already nvax chance make money vaccine
1257,pfe researchers studied women received either pfizer moderna covid vaccines pregnant lactating women strong immune response nonpregnant women babies developed high levels diseasefighting antibodies
1258,pfe dont buy calls sell covered calls
1259,pfe go parabolic
1260,pfe stock sucks ass turtle movement driving crazy
1261,pfe watch go tomorrow news negative fda news
1262,pfe tomorrow next week week
1263,pfe tomorrow
1264,pfe big trade shares
1265,pfe huge trade shares
1266,joint fda advisory committee votes application tanezumab treatment osteoarthritis pain httpwwwconferencecalltranscriptsorgsummaryidampprtrue pfe
1267,pfe delayed issued press release march joint fda advisory committee votes application tanezumab httpssflashalertmeybpqq
1268,pfe pharmaceutical industry reputation resilience many pharma players garnered noteworthy mo httpsstocknewscomnewspfesnybayryalpmyundervaluedpharmaceuticalstocksthatpaydividends
1269,pfe lly joint fda advisory committee votes application tanezumab treatment osteoarthritis pain httpsnewsfilterioabdefbedbbac
1270,pfe joint fda advisory committee votes application tanezumab treatment osteoarthritis pain httpswwwstocktitannetnewspfejointfdaadvisorycommitteevotesonapplicationfortanezumabforeobziedhtml
1271,pfe believer near term read charts matching color trend lines shows pattern sometimes chart multiple patterns pattern matching color trend lines yellow horizontal lines shows support resistance areas fib lines also shows support resistance areas dotted white lines shows price projection breakout breakdown target disclaimer dd investment advice
1272,diehaendezumhimmel cvac ever gets stage like face issues pfe bntx scrapped whole market produce billions os doses
1273,pfe riot found possible cup handle minute
1274,spy religious devils pfe mrna
1275,pfe fucking stock price make vaccin
1276,mrna upcoming cnn right positive news pregnant women passing antibodies babies using mrna vaccines bntx pfe mrna
1277,pfe assuming cents indeed green eh
1278,pfe pfizer administers covid vaccine doses children age trial httpdlvritrwmypz
1279,mrna pfe azn jnj bntx httpsvianewsmarketsnovavaxstockimpressiveslidesofaronthursdayunderperformsmarket
1280,mrna really bad news novavax likely continue pfe bntx httpswwwusnewscomnewstopnewsarticlesexclusivenovavaxdelayseuvaccinesupplydealamidproductionproblemssource
1281,pfe yet another early morning dump crawl back surface dont count
1282,pfe plastics going destroy guys junk use viagra quotshortquot pfizer must something go long take advantage crisis pun intended httpswwwtheguardiancomcommentisfreemartoxicchemicalshealthhumanityerinbrokovich
1283,pfe green know something big happening
1284,spy one minutes left betting man would say tomorrows gonna pretty big day least green shit got cheap cheap morning downside come near term bullish next barash next days come atampt lets make push pfizer get little run pfe ive got calls shit im chattering ibm killing ibm wish wouldve taken position intc one wanted done pullback bought youve got year outlook
1285,mrna wait flu efficacy combined covidvariant multivalent shots hit market make every flu adenovirus vaccine totally obsolete wed probably looking fall unless biden administration agrees push phase studies sooner fall hits total dominatio mrnabased vaccines pfe bntx
1286,pfe every dog day q results going record breaking keep mind opinion means little
1287,mrna shortage companies means positive news already deliveringapproved feel bad really consider moderna instead nvax pfe azn bntx httpswwwmarketscreenercomnewslatestnovavaxisdelayingsigningacontracttosupplyitscovidvaccinetotheeuamidproductionprob
1288,bntx pfe really reason recent huge increase novavax rich countries almost mediumsized countries already signed agreements vaccinate populations year novavax practically sell poor countries covax
1289,nvax americans ever get vaccine im sorry jnj mrna pfe azn hyped cared much media hypes
1290,pfe lets move deeply green light
1291,pfe bntx mrna httpswwwrollcallcomrussiaoutsourcesdisinformationeffortstoforeigntrollfarms
1292,magicfinger im sure extent dont underestimate moderna one highest bidders along pfe rest simply cant compete secured doses already delivered theres supply chain issues shortages price vaccines typically increase along means unfortunately many ways world greater profits mrna simple supply demand dont make rules
1293,bntx pfe quotrnamessenger vaccines protect pregnant women covidquot immunization moderna pfizerbiontech vaccines generates protective antibodies mother children pregnant breastfeeding women immunized covid messenger rna vaccines high levels antibodies protect sarscov virus furthermore vaccines confer immunity newborns breast milk placenta antibodies also found says largest study type published far done united states researchers massachusetts general hospital brigham womens hospital massachusetts institute technology harvard university say american journal obstetrics gynecology ajog vaccines moderna pfizerbiontech highly effective producing antibodies women left first phase clinical trials also recommendation get vaccinated
1294,mrna looks like novavax taking bum bum might recover due supply chain issues mentioned several weeks ago people refused listen simply mean dominance moderna pfe bntx httpsseekingalphacomnewsnovavaxdelayseupactforcovidvaccinesupplyamidproductionissuesreuters
1295,pfe eu exports shots gives home summit update httpsnewsfilterioaddefcfdeabddddaddfaad
1296,zkin fresh highs ahead eyes pfe nvax ocgn
1297,official record lyophilization study responsible party bntx pfe cosponsor probands vaccinations weeks interval plus weeks observation side effects efficacy assessed antibody titers line new fda regulation sarscov vaccine upgrades estimated study start april estimated end may lucky whole quotdeep freezingquot discussion june july httpsclinicaltrialsgovctshownct
1298,pfe new article pfizer administering covid vaccine children age trial httpswwwstckpronewspfe
1299,pfizer begins trial vaccine young children pfe bntx mrna azn jnj httpsnewsfilterioabbff
1300,nvax thinking changing pfe
1301,pfe sp undervalued underpinned underappreciated underwhelming underemphasized underachieving publicized underrated propped mainly underwater
1302,pfe one cares bloated divd playyour cue ceo tripping falling trying sell shares fast could ssome one please get lights
1303,note bntx listed main sponsor responsible party phase study covid vaccine infants aoung kids pfe acts cosponsor httpsclinicaltrialsgovctshownct
1304,pfe almost though company doesnt exist
1305,tmo says work pfizerbiontech produce covid vaccine italy pfe
1306,pfe news seatbelt going
1307,pfe gsk httpswwwyoutubecomwatchvvbdoquarreu
1308,study finds pfizer moderna vaccines safe effective pregnant women pfe bntx mrna httpsnewsfilterioacaacebcaa
1309,spy pfe right mind signing kids test vaccine emergency use authorization shielded liability without year monitoring adult test subjects pfizer says launched covid vaccine trial children younger
1310,swear cocp needs volume lmao thats fuck mrna pfe nvax
1311,pfizer begins covid vaccine trial infants young kids cnbc pfe
1312,pfe pfizer begun dosing paediatric vaccine trial trial testing vaccine kids months years old
1313,pfe pfizers marketing application tanezumab fails adcom vote httpsnewsfilterioadfcafadce
1314,blue research one looks like poised take get fda approval promising data increasing pfs year mm long time especially th line treatment efficacy cannot disputed looks like pipeline also strong myeloma drug play currently limited treatment options im back one feel fairly strongly fda approval even strong side effects research side effects related bone marrow attacking makes sense th line treatment theres reason approved aveo apop bmy pfe
1315,nbrv aiki nice see green today bad still alot gaining get back last week anyone wants due diligence nabriva ocgn pfe httpsyoutubexueteyofm
1316,cfrx currently undervalued biotech guys got million dollar contract barda google barda pfizer pfe largest shareholder setting major buyout flush cash zero risk dilution money xbi bottomed see technical pop back start recent upgrade us one going massive guys miss opportunity spy
1317,pfe frankly tired glad got rid yesterday competitors old new emerging ones looks like long way high price bourla made fortune time rethink whether worth holding replacing something else
1318,cfrx buyadd alert cfrx previous alert major buy add reversal hitting wk low today bouncing fast xbi reset cash raise per share none pfe pfizer largest shareholder adding big spy
1319,biden announce new vaccine goal shots cnbc jnj mrna pfe bntx httpsnewsfilterioacbbbefdccffb
1320,pfe picked
1321,bntx pfe pfizerbiontech moderna covid vaccines effective pregnant lactating women pass protective antibodies newborns according research published thursday american journal obstetrics gynecology httpscnnitlrchwxfbclidiwarrkaiqdbfwvjdpjveeedpnszigrfjdisjtiuqcbgsgjkyxu
1322,president biden announce new covid vaccine goal wn st days initial goal campaign wn st days us population fully vaccinated march lancet china study suggests sarscov antibodies last least months infection httpswwwthelancetcomjournalslancetarticlepiisfulltext lancet danish study suggest older people higher risk sarscov reinfection team found months initial infection protection repeat infection approximately significant difference reinfection rates men women protection reduced aged years older httpswwwthelancetcomjournalslancetarticlepiisfulltext pfe mrna jnj azn nvax
1323,pfe patience dont get discouraged sell thats way lose
1324,pfe go fn ead pfe
1325,bntx pfe new quotultracontagiousquot variant covid detected papua new guinea cases identified dozens australians recently returned country new quotultrainfectiousquot variant coronavirus detected papua new guinea cases identified dozens australians recently returned country according sun newspaper queensland health officials concerned new strains could become contagious genome sequencing used worldwide method detect new variants disease help implement mass tests needed papua new guinea struggled increase cases recent weeks kirsty short virologist university queensland warned importance interpreting new data
1326,pfe mrna ocgn dvax interesting approach support current dvax price target may escalate case current cpg partnerships get market one valued b b real options b dcf
1327,biib think regn pfe need take lessons biib
1328,liquidtheta trade alert delayedactionable ticker pfe buy sep calls entry price tp tp tp stop loss optional highly profitable options signals delivered inbox httpswwwliquidthetacom
1329,pfe cashmake glad want johnson johnson dying company would sell go half amc half johnson johnson
1330,pfe make america great
1331,gthx cant im betting bailey ran us ops glaxo almost decades pharm experience cco successfully rolled tafamidis pfe tune b annual sales guys experience pedigree succeed partnered boehringer ingelheim years crank sales pump establish market im confident execute know glta
1332,pfe literally curing cancer quotsuccessfulquot stocks hustle attach nft ai name quick buck respect httpstwittercompfizerstatus
1333,pfe owning pfizer
1334,pfe big trade shares
1335,large print pfe size price time amount
1336,aabb pfe nok segi ppbt steal stimmy money gg
1337,fubo rad sklz cciv pfe welcome bidens america
1338,age eligible vaccine florida march pfe mrna jnj
1339,aabb nok segi pfe ppbt powell farted blood red market today
1340,pfe yikes definitely bought options day soon maybe could saved another k fuck biden market recently
1341,pfes hr hermetastatic breast cancer treatment shows better overall survival rate ibrance amp novartis ags nvs letrozole combination httpswwwbriefingcomindepthanalysiscontentarticlearticleidinpfe
1342,aapl opinion vaccine dont work else would still wear mask stuck spiders web unless resist going get worse lockdowns rights taken away everything see tv lie tell lie vision pfe jnj mrna
1343,nashpatient hey harsh chill little holding mdgl bakers bros follower avg way higher mine feel good phis supposed done dec however told sept might get news thats little core icpt itchy also core holding pfe love inhouse tough however dont need im fine however learn everyone takes village
1344,wfc ge msft pfe ko looks like pan sell today beginning end
1345,rigl williams new tanaka study quotfostamatinib achieved statistically clinically significant improvements ra signs symptoms safety tolerability fostamatinib plus mtx consistent previous studiesquot httpsacademicoupcomrheumatologyadvancearticleabstractdoirheumatologykeaaredirectedfromfulltext receivedfor publication august revision received september published november argument made insiders azn gave quickly new indisputable morbidity concerns pfes drug ra tofacitinibit may taken market ra apparently rigels fostamatinib ra still eligible fda filing argument rigel exactly file would see hell shot rigels stocks market us million strong tofacitinib one pfizers best selling drugs
1346,pfe could find cure every major disease still go
1347,pfe much easier trade buyshort signals ultraalgo min chart pfe
1348,pfe briefpfizer says peerreviewed publication shows evidence effectiveness ibrance combination therapy breast cancer
1349,pfe httpswwwmarketwatchcomstorypfizersaysibrancegivesmoresurvivaltimetosomebreastcancerpatientssiteidyhoofampyptryahoo
1350,pfe anyone excited get teased yet today know pfuck company
1351,azn says covid vaccine effective updated trial data plans seek us approval bntx pfe mrna httpswwwbarronscomarticlesastrazenecanowsayscovidvaccineiseffectiveinupdatedtrialdataanditplanstoseekusapprovalrefsecmarkets
1352,astrazeneca says vaccine effective updated trial data plans seek us approval azn bntx pfe mrna httpsnewsfilterioafbfcabacdafb
1353,pfe new article pfizer says ibrance gives survival time breastcancer patients httpswwwstckpronewspfe
1354,pfe mrna ocgn dvax httpsstockandsciencecomnovavaxitsamarathonnotasprint
1355,pfe realworld evidence supports effectiveness firstline ibrance palbociclib combination therapy hr metastatic breast cancer httpswwwotcdynamicscompferealworldevidencesupportseffectivenessoffirstlineibrancepalbociclibcombinationtherapyinhrhermetastaticbreastcancer
1356,pfe hated money would buy dont bought crtd check nft play
1357,pfe new article realworld evidence supports effectiveness firstline ibrance palbociclib combination therapy hr metastatic breast cancer httpswwwstckpronewspfe
1358,bntx pfe study evaluate safety tolerability immunogenicity rna vaccine candidate covid healthy children amplt years age nct httpsnewsfilterioaecbdfdccbcb
1359,bntx pfe study evaluate safety tolerability immunogenicity lyophilized formulation bntb covid healthy adults nct httpsnewsfilterioacfadbecdeab
1360,realworld evidence supports effectiveness firstline ibrance palbociclib combination therapy hr metastatic breast cancer httpwwwconferencecalltranscriptsorgsummaryidampprtrue pfe
1361,pfe delayed issued press release march realworld evidence supports effectiveness firstline ibrance palboc httpssflashalertmepagr
1362,pfe realworld evidence supports effectiveness firstline ibrance palbociclib combination therapy hr metastatic breast cancer httpsquantisnowcominsightss healthcare majorpharmaceuticals
1363,pfe realworld evidence supports effectiveness firstline ibrance combination therapy hr metastatic breast cancer httpsnewsfilterioafdfcaaeecfeb
1364,pfe realworld evidence supports effectiveness firstline ibrance palbociclib combination therapy hr metastatic breast cancer httpswwwstocktitannetnewspferealworldevidencesupportseffectivenessoffirstlineibrancerouhyxzqhtml cancer
1365,pfe lfg baby httpsstocktwitscommoneysavvymindsetmessage
1366,pfe hate stonk
1367,giant year gains smallcap investors seem itching lock gains qqq iwm also pfe httpstalkmarketscomcontentusmarketsaftergiantyeargainssmallcapinvestorsseemtobeitchingtolockingainspost
1368,azn gild pfe bcrx alxn
1369,sweepcast observed pfe unusual options activity alerted call expiring worth k check bio link stocks stockmarket options daytrading
1370,ctxr take profits plx fda approval b royalties pfe owns plx february dexcel pharma increased stake total ownership plx fda approved product growing sales earnings growing exponentially revenue growing exponentially become profitable end analysts consensus pt current price technicals monthly time frame bollinger bands narrowed historical minimum monthly time frame accumulation indicator years maximum monthly time frame strong bullish divergence money flow indicator stock graph monthly time frame bullish divergence rsi stock price float high volume skyrocket hundreds per day technicals fundamentals indicating multimonths breakout potential gainer short term httpsseekingalphacominstablogjohnsoriaknowsplxpotentialsecondpdufadelaybecomingunlikelydaypointingtodoubledigitsnearterm httpsyoutubekjbmitdmjpy
1371,pfe stock
1372,morganchase us bp bullying azn would hilarious fda asked mrna pfe jampj update efficacy ratings know efficacy wears say lasts months efficacy worst
1373,pfe much regretting spinning amp selling steak zoetis zts
1374,pfe still track july
1375,liquidtheta trade alert delayedactionable ticker pfe buy sep calls entry price tp tp tp stop loss optional highly profitable options signals delivered inbox httpswwwliquidthetacom
1376,sweepcast observed pfe unusual options activity alerted call expiring worth k check bio link stocks stockmarket options daytrading
1377,pfe approximately usd go short side pct short bears httpswwwalgowinscomwdtcolumnfilterpfe
1378,azn pfe jnj go dr fauci date data better efficacy serious illness hospitalisation deathand know uk works even better week dose gap us chose weeks httpswwwastrazenecacomcontentastrazmediacentrepressreleasesazdusphaseiiiprimaryanalysisconfirmssafetyandefficacyhtml
1379,pfe best stock dung hits fan love stock
1380,nvax zom regn pfe article outlining inflammation drug market currently top selling drug class amp exponential growth going forward httpswwwprnewswirecomnewsreleasescontrollinginflammationtostopdiseasehtml
1381,pfe hands worst stock ever great company massive potential never move sickening best luck everyone wont lose money odds wont make
1382,pfe big trades today shares average
1383,pfe green today wow
1384,kpti think postcovid government bring focus cancer research treatments lift profile value many oncology companies research around eric lander news recently see cofounded vstm michael kauffman kpti ceo board board infi years ago way back also worked together millenium eric founded eric landers appointment lead presidential council advisers science technology office science technology policy announced pfizer facility month ago mikael dolsten acknowledged founding member cancer moonshot kpti board years head research pfe people great track record solid science thats produced great medicines observations small world ill continue patient kpti
1385,pfe holding k worth calls surprised quotchart millquot didnt signal huge buy
1386,ruffmoney would make lot sense might explain lid price pfe collaboration aim lol small position well
1387,pfe nvax
1388,pfe called february
1389,allinquinn undervalued potential pfe
1390,govx xbi mrna pfe spy httpswwwmsncomenushealthmedicalminnesotareportscovidcasesinvaccinatedindividualsarbbeuy
1391,days since rs butchery mismanagementmike castagnant pathetic cents delayed pediatric approval ultra rapid acting label overdue ceo rejected deals international technosphere expansion mnkd buyout hostiletakeover stay single digit purgatory fck mike change readysetinhale patientsdeserveaccess mediocremike moronmikenewleadershipnow pfeffersucks bourlabod pfe hooperceo amgn geoffmarthabod mdt rothblattbod joergensenbod rejoycebod sayerthesaviorbod dxcm bradwaybod sendhelpmyceoblows greedycego ceosabotage ceosuffocation botcheduae technospheresquandered paltryplusk retirementunfuxred truelongs prereversesplit
1392,pfe cant wait see get trounced tomorrow
1393,daily news digest pfizer pfe httpswsfriendcomdailynewspfe
1394,pfe chinese virus myth
1395,liquidtheta trade alert delayedactionable ticker pfe buy sep calls entry price tp tp tp stop loss optional highly profitable options signals delivered inbox httpswwwliquidthetacom
1396,large print pfe size price time amount
1397,ocgn mrna jnj pfe nvax httpsinvestorplacecomocgnstockkeycatalyststhatcouldsendthisstocksoaringagain
1398,pfe closing chart pfizer
1399,morro everything got sold moved value today consider stupid decent recovery least thought pfe parting ways concerning opportunity bntx finally get fully valued see really good vaccine sales jointly b year
1400,pfe nvax one year ago today pfe one year ago today exactly quotlongquot pfizer get pretty much didly squat
1401,pfe okay folks bluffing currently hand tomorrow bronze pfe move silver pfe move gold pfe move diamond pfe move legendary pfe move play
1402,pfe one green today
1403,nvax quotrevizedquot efficacy aztrazenecas us phase covid trial azn nvax jnj azn pfe mrna httpstwittercombiolunacyjgstatuss
1404,pfe funny everybody dying get vaccinated trump president nobody wanted go near shit lol
1405,pfe one disappointing stocks exchange thing stagnant like year thing moves like penny stock
1406,pfe
1407,pfe got covid vaccine grew two inches put good stuff buy buy go get vaccinated pfizer long
1408,pfe stock never go
1409,pfe big trade shares
1410,huge print pfe size price time amount
1411,regn good news doesnt move stock regn pfe big brother
1412,opk need us dont sell short pfe gnmk
1413,tdubsniper great article shows mrna pfe effective
1414,pfe sanders reason
1415,spy got pfe vaccine today cvs actually felt like got energy boost
1416,srpt dont see people cant see truly house cards inflated valuation thats still high side given inherent flaw pipeline trade pfe announces even smidge success gene therapy capr announces aa dmd smh
1417,azn ebs jnj pfe time httpswwwfiercepharmacommanufacturingdutchplantatheartastrazenecaseurovaccinerowcouldsoonbeapprovedreport
1418,halb going mark post pfe mrna jnj enzc
1419,crtd amc gme pfe hofv told ya
1420,pfe many stocks green todaycongrats
1421,eu uk working specific steps boost vaccine supply pfe jnj mrna
1422,mrna mrna moderna single dose refrigerator stable incoming pfe jnj nvax httpswwwfoolcominvestinglookoutmodernacouldhaveanevenbettercovidv
1423,mrna moderna potential new revolutionary flu vaccine efficacy due mrna technology compared standardcurrent flu vaccines effective combine one shot annual sarscov vaccine boosters likely effective new refrigerator stable vaccine delivered worldwide game changer youd special kind stupid betting company mrna technology way future bntx pfe included
1424,enzc mrna halb pfe im guy
1425,halb market makers stole shares going back new highs soon low market cap low float massive potential ceo stock around per patents treatments mrna pfe enzc going run like enzc
1426,pfe new pfizer covid pill could gamechanger biotech etfs httpswwwetftrendscompfizercovidpillgamechangerforbiotech
1427,pfe predictable fade
1428,pfe myovant sciences pfizer announce positive data phase liberty randomized withdrawal study oncedaily relugolix combination therapy women uterine fibroids
1429,pfe pill news oh love
1430,pfe stocks make record breaking profit recession hit year imagine possibilities
1431,opk hodl pfe gnmk
1432,pfe liking growth potential
1433,pfe refineries today hope run
1434,pfe stock ever moved would think drugs
1435,pfe like moving mountain trying get passed range
1436,pfe one dollar petes sake
1437,sp spx heatmap weeks performance mega healthcare stock jnj unh abt pfe httpswwwfinscreenerorgmapmapsp
1438,pfe one else sees daily
1439,kmph nvax anyone looking dd kempharm check new video explaining happened past weeks imo bngo pfe httpsyoutubeszvhpnezas
1440,pfe go call option drain
1441,mrna except pfe seems mrna best performing vaccine stock today far
1442,pfe stopping get mad
1443,nio transition growth stocks cyclical stocks happening time give pipe dream stock like nio move money recession safe stock like pfe dividend growth potential
1444,pfe httpswwwetftrendscompfizercovidpillgamechangerforbiotech
1445,sahmlife kingeric lost money pfe last year like k rest last week spy ultimately stayed etf would fine gambling fun think reflection greater economy spy drop unemployment go per last stress test predictive programming
1446,srpt rhhby buy sarepta b stupidity surreal pfe step create bidding war got nothing dmd cash covid vaccines dont surprised see b buy barely b
1447,pfe need big hands come rock boat
1448,ccl pfe found possible cup handle minute
1449,pfe insane july calls least beats day like day though
1450,pfe pfizer waking
1451,large print pfe size price time amount
1452,pfe developing oral vaccine
1453,pfe pfizers less
1454,pfe could go ahead skyrocket thatd great
1455,pfe slowly going bullish
1456,httpsselectionnewyorkblogspotcomgovxgeovaxcovidvaccineprogramishtml selected tickers vxrt htbx imv nvax pfe
1457,pfe youd think theyd switch narrative time time mean many days sit watch dip first thing bell spike super fast fade rest day
1458,pfe sick stagnant action move crtd micro float ntf
1459,pfe happening transition growth stocks value stocks
1460,aabb nok pfe ppbt company making money mil profit app running k tokens sold far
1461,pfe
1462,pfe bought jun c er may th th
1463,liquidtheta trade alert delayedactionable ticker pfe buy sep calls entry price tp tp tp stop loss optional highly profitable options signals delivered inbox httpswwwliquidthetacom
1464,vxrt week low still way priced almost pfe world running hilariously
1465,pfe little pop continued downwarddoggie dog
1466,pfe settle moderate recovery day bringing us back near letting tomorrow legendary gap move fingers crossed dont pull rug soon
1467,pfe
1468,pfe bull
1469,rigl pfe azn opportunity knocking door rigels fostamatinib ra httpspharmaphorumcomnewsbadnewsforpfizerasblockbusterxeljanzflunkssafetystudy xeljanz one pfizers topselling drugsquot quota safety study showed xeljanz tofacitinib used treat rheumatoid arthritis ra associated higher rate heart attacks cancer tnf inhibitor patients aged underlying cardiovascular risk factorsquot httpsstocktwitscomgerszonmessage
1470,pfe added value stocks aint going anywhere anytime soon
1471,bntx pfe httpswwwexpresscouknewspoliticsastrazenecavaccineitalyhalixmilliondosesukeuexportban
1472,pfe wooow never seem heavy short ladder
1473,crtd buy em sale amc gme pfe next nft explode micro float hofv
1474,eu proposes tougher controls vaccine exports supply row deepens azn pfe bntx mrna httpsnewsfilterioaafcfddaadddefe
1475,pfe roce insights pfizer httpsnewsfilterioafeaeaddafcda
1476,pfe big trade shares
1477,pfe big trade shares
1478,large print pfe size price time amount
1479,gqhartman take baba raise pfe
1480,pfe worth couple cents myovant sciences pfizer announce positive data phase liberty randomized withdrawal study oncedaily relugolix combination therapy women uterine fibroids
1481,nsofresh elaborate pfe involvement mustve missed
1482,cfrx market cap trading total financingm cash barda grants ema application openly communicated yet cant wait value realization pfe involvement paytience yall aveo kmph xbi
1483,aveo robin hooders action minutes last chance grab fda approved bio httpsyoutubeeycgmusaku nvax atos mrna pfe httpsyoutubeeycgmusaku
1484,bntx pfe hong kong halts use biontech vaccine packaging issues httpsnewsfilterioacebccbbecfeee
1485,hi justrading followers closing bell video wednesday holding etfs stocks check video get information possible buy sell prices expected returns charts httpswwwyoutubecomwatchvihtzubkzy suggested stock bullish healthcare stock pfizer incorporated pfe holding stocks bullish discretionary stock roku incorporated roku bearish discretionary stock tesla incorporated tsla bearish staples stock cocacola company ko bullish technology stock advanced micro devices amd bearish technology stock alphabet incorporated goog bullish technology stock broadcom incorporated avgo bullish technology stock cisco systems company csco bearish technology stock qualcomm company qcom
1486,myov pfe myovantpfizers relugolix combo therapy shows sustained clinical benefit uterine fibroids httpsnewsfilterioaafacbcdafdcdb
1487,myov pfe report phase liberty study oncedaily relugolix combination therapy women uterine fibroids met primary endpoint httpswwwbriefingcomindepthanalysiscontentarticlearticleidinmyov
1488,mrna everyone talking mrna pfe bntx one know nanorepro wkn corona tests germany check company buy nasdaq otc
1489,myovantpfizers relugolix combo therapy shows sustained clinical benefit uterine fibroids benzinga pfe myov
1490,aezs damn pfe trying push turf pfizer nysepfe makes progress earlystage trials covid pill
1491,myov cheaper pfe buy overpriced pr firm write press releases
1492,taylorste try pfe lol
1493,iswh watching closer wondering make positive impact stock price jnj pfe mrna httpsmarketwirenewscomampnewsreleasesiswholdingsentersbillionteleheathandhomehhtmltwitterimpressiontrue
1494,pharma dividend growth stocks yielding pfe abbv gild httpswwwdividendpowerorgpharmadividendgrowthstocksyielding
1495,azn pfe jnj utterly disgraceful httpswwwpoliticoeuarticleitalianauthoritiesdiscovermoxfordastrazenecavaccinedoseslastampa
1496,pfe lt pos
1497,pfe check future acquisition httpswwwredditcomrrobinhoodpennystockscommentsmqlsrupcomingcatalystforptnutmmediumandroidappamputmsourceshare
1498,pfe httpwwwglobenewswirecomnewsreleaseenmyovantsciencesandpfizerannouncepositivedatafromphaselibertyrandomizedwithdrawalstudyofoncedailyrelugolixcombinationtherapyinwomenwithuterinefibroidshtml
1499,pfe study assess safety efficacy tafamidis chinese participants transthyretin amyloid cardiomyopathy nct httpsnewsfilterioaabeadbaaebabf
1500,pfe drug use investigation comirnaty intramuscular injection nct httpsnewsfilterioabacabcdeecab
1501,pfe httpswwwcnbccomcovidpfizerbeginsearlystageclinicaltrialtestingoralantiviraldrughtml
1502,myov pfe pfizer myovant sciences relugolix combo shows positive action uterine fibroids httpsnewsfilterioaaddaccefcbfd
1503,pfe bntx hong kong suspends pfizerbiontech covid shots loose caps minor dirt report httpsnewsfilterioaffbbbfcdd
1504,pfe making covid pill httpsthehillcomchangingamericawellbeingpreventioncurespfizerisnowtestingacovidpill
1505,marketbeatinsidertrades mg mln insider buy guy really believe future zom itrm pfe bhc teva
1506,eu set curb covid vaccines export uk reuters azn pfe mrna jnj httpsnewsfilterioaaefbcefbaad
1507,pfe fuck sleepy biden
1508,pfe httpsyoutubezwbjcc
1509,pfizer ceo albert bourla says company plans use mrna technology led successful covid shot expand vaccine business pfe bullish expanding mrnabased vaccines business lookahead manufacturing approach experimental drugs httpswwwwsjcomarticlespfizergoesitalonetoexpandvaccinebusinessbeyondcovidpandemic
1510,pfe
1511,liquidtheta trade alert delayedactionable ticker pfe buy sep calls entry price tp tp tp stop loss optional highly profitable options signals delivered inbox httpswwwliquidthetacom
1512,pfe drug pricing legislation introduced sanders weighs pharmas
1513,sweepcast observed pfe unusual options activity alerted call expiring worth k see profile link amp learn
1514,pfe bntx hong kong halts use pfizerbiontech jab defective packaging httpsnewsfilterioaaddffcafedce
1515,halb halb going acquired pfizer jnj watch learn pfe jnj mrna nvax
1516,pfizer long term bullish trend elliott wave cycles pfe elliottwave httpselliottwaveforecastcomstockmarketpfizerlongtermbullishtrendandelliottwavecyclespfe
1517,pfe large call oi expiring friday
1518,liquidtheta trade alert delayedactionable ticker pfe buy sep calls entry price tp tp tp stop loss optional highly profitable options signals delivered inbox httpswwwliquidthetacom
1519,pfe azn mrna jnj xbi govx prevent infection going around country means vaccinating everybody degree social distancing protection going required httpswwwexpresscouknewsukcoronavirusnewscovidmaskssocialdistancingvaccineastrazeneca
1520,nvax pfe jnj azn mrna httpsnewsskycomstorycovidtheresgoingtobeanewsurgeincoronavirusinfectionsandlongrainshadowtocovidwarnsprofessorchriswhitty
1521,govx nvax mrna pfe jnj httpswwwthesuncouknewszerochanceeradicatingcovidforgoodwhittyvallance
1522,pfe mar atm implied vol jumps straddle implies move httpstinyurlcomyaxkx
1523,pfe might drop morning
1524,pfe hope im misguided rest week could days wheat separated chaff mercilessly keeping faith hodl good luck everyone
1525,pfe im playing legendary pfe gap card tomorrow super rare limited edition guaranteed minimum move max potential
1526,pfe keep mind pfizer working booster current vax hit phase httpswwwbloombergcomnewsarticlespfizerbeginshumantrialsofnewpilltotreatcoronavirus
1527,pfe cant miss bullish
1528,pfe based historical charts look year chart stock price going increase within next week mark post spy
1529,fcel pfe pfizer
1530,kmph nvax anybody looking dd kempharm check new video explaining happened past weeks imo bngo pfe httpsyoutubeszvhpnezas
1531,pfe hey look pioneer sbfm anticoronavirus compound sbfmpl acts coronavirus papainlike protease plpro nonstructural protein encoded viral genome synthesized hijacked protein synthesis machinery host cell sbfmpl inhibits plpro arrests viral replication sbfmpl expected inhibit plpro uk variant well original strain since uk strain show mutations plpro gene patent pending studies uga yes pennies low float stupid low price
1532,rgr spy pfe mrna need help miami beach spring break bidens border dont ask goodnewsbull cuz hell say trump
1533,pfe literally saving world nobody wants pfepeople would rather scam pump dumps like tkat gme still holding seems like years httpstwittercomcnbcnowstatuss
1534,pfe premium stock price related covid vaccine still trading price like pandemic
1535,pfe approximately usd go short side pct short bears httpswwwalgowinscomwdtcolumnfilterpfe
1536,pfe httpswwwreuterscomarticlehealthcoronaviruspfizerintiduskbnbfwutmsourcefacebookamputmmediumnewstabamputmcontentalgorithm
1537,pfe need remain pm friday contracts assigned never coming coming back shi
1538,pfe big trades today shares average
3270,although technical rating bad pfe present nice setup opportunity httpswwwchartmillcomstockanalyzerstockpfekeyfadbfcaaaamputmsourcestocktwitsamputmmediumtaamputmcontentpfeamputmcampaignsocialtracking
3271,mrna jnj pfe azn laugh
3272,pfizer long term bullish trend elliott wave cycles pfe elliottwave httpselliottwaveforecastcomstockmarketpfizerlongtermbullishtrendandelliottwavecyclespfe
3273,pfe close watch pfe waiting fda approval drugs apri amp believe get approval stock rising much since last time went months ago still holding shares
3274,plx close watch plx waiting fda approval b royalties market cappfe owns plx dexcel pharma increased stake total ownership plx feb
3275,spy msft mrna pfe httpstmeqanon
3276,great news novel hiv vaccine approach shows promise landmark firstinhuman trial mrna pfe bntx httpswwweuropeanpharmaceuticalreviewcomnewsnovelhivvaccineapproachshowspromiseinlandmarkfirstinhumantrial
3277,tailwinds air lines cdc updates travel guidance pfe bntx mrna jnj aal httpsnewsfilterioababebdfabbd
3278,pfe soon
3279,aim mmmm gives warm fuzzy feeling mil cash hand debt closed atm department defense grants national cancer institute grants trials fighting cancer mrk keytruda pfe celebrex manufacturing contracts distribution contracts patent protected working multiple countries warrants insider buying big tutes buying big shorts closed positions cfs covid flu stds adjuvant drugs last least ceo literally knight lawyer purple heart recipient theres plenty deeper look subjects listed dd enjoy ride
3280,pfe wow positive thing stock sure open red usual monday hope pfe traction bowling ball frozen river
3281,pfe sentiment mostly positive right news mentions positive negative neutral sentiment score scale
3282,covid vaccinations hit another record average million daily pfe mrna jnj httpsnewsfilterioaccfeaffcebbffcbff
3283,daily news digest pfizer pfe httpswsfriendcomdailynewspfe
3284,pfe ocgn httpswwwnytimescomhealthpfizerbiontechvaccineadolescentshtmlreferringsourcearticleshare
3285,kpti top pfizer scientific executive kptis board pragmatic ndas situation pfe may get competitive situation another suitor thanks feedback oldtimers
3286,pfe recent tweets trendsearchesranked change httpstskcompfe
3287,pfe mrna americans love freedom freedom choice ask let go far hawaii unveils covid passports interisland travel httpswwwzerohedgecomcovidhawaiiunveilscovidpassportsinterislandtravel
3288,pfe save america
3289,azn pfe mrna netherlands latest halt astrazeneca jab australia admits quotlikelyquot bloodclot link httpswwwmsncomenaulifestylewellbeingaustraliatocontinueastrazenecavaccinationdespitebloodclottingcasearbbfgmk httpswwwzerohedgecomcovidnetherlandslatesthaltastrazenecajabaustraliaadmitslikelybloodclotlink
3290,pfe guess covid around forever based heres long virus typically lasts human body common surfaces change depending sanitation efforts sunlight temperature body months glass days wood days plastic amp stainlesssteel days cardboard hours copper surfaces hours
3291,rlftf brpa people need know pandemic far since ccp still exists virus evolving virus made leaked per decade remember sars another type coronavirus fda eua beginning step effort long way go combating evils virus huge business road nuerorx relief pfe
3292,sweepcast observed pfe unusual options activity alerted put expiring worth k see profile link amp learn unusual options activity
3293,pfe price pfizer september
3294,pfe whats price target summer
3295,pfe looks good vs stop looking run eps holding
3296,sweepcast observed pfe unusual options activity alerted put expiring worth k see profile link amp learn unusual options activity
3297,forward priceearnings ratio indicates rather cheap valuation pfe httpswwwchartmillcomstockquotepfefundamentalanalysiskeyfadbfcaaaamputmsourcestocktwitsamputmmediumfaamputmcontentpfeamputmcampaignsocialtracking
3298,cfrx softbashers act like smarter pfizer b portfolio hold stock good chance pfe buyout near future softbashers smarter many analysts unanimous buy rating pts high softbashers smarter massive tut ownership bashers smarter golden cross hit week k jobs report going blow us supportresistance level markets rocket monday gap fill ish bust going break going ish
3299,ocgn already usa enough strong vaccines pfe bntx mrna jnj good efficacy variants doubt ocgn may years
